{
    "project":"Assemble PC",
    "description":"Assemble custom AMD Radeon Ryzen in 13 steps.",
    "data":
    [
        {
            "id":0
            ,"title":"Components"
            ,"process":"Acquire components: CPU, RAM, GPU, PSU, HDD, MOTHERBOARD, CASE."
            ,"step":"step_1"
            ,"review":""
        },
        {
            "id":1
            ,"title":"Assembly tools"
            ,"process":"Screw drivers, wire-cutter, thermal paste, anti-static wrist band"
            ,"step":"step_2"
            ,"review":""
        },
        {
            "id":2
            ,"title":"Prepare case"
            ,"process":"Install wiring"
            ,"step":"step_3"
            ,"review":""
        },
        {
            "id":3
            ,"title":"Install components"
            ,"process":"Seat motherboard and North bridge peripherals"
            ,"step":"step_4"
            ,"review":""
        },
        {
            "id":4
            ,"title":"Hard drive installation"
            ,"process":"Seat hard drive and mark as master"
            ,"step":"step_5"
            ,"review":""
        },
        {
            "id":5
            ,"title":"Optical drive installation"
            ,"process":"Remove CD placeholder and seat drive"
            ,"step":"step_6"
            ,"review":""
        },
        {
            "id":6
            ,"title":"CPU installation"
            ,"process":"Install CPU with break out notch facing South-East"
            ,"step":"step_7"
            ,"review":""
        },
        {
            "id":7
            ,"title":"Memory installation"
            ,"process":"Seat RAM as per seat notch, ensure thermal paste evenly applied."
            ,"step":"step_8"
            ,"review":""
        },
        {
            "id":8
            ,"title":"Install heatsink"
            ,"process":"Ensure heatsink socket firmly secured."
            ,"step":"step_9"
            ,"review":""
        },
        {
            "id":9
            ,"title":"Fan installation"
            ,"process":"Screw on 110mm fans on rear and side of case."
            ,"step":"step_1"
            ,"review":""
        },
        {
            "id":10
            ,"title":"PSU installation"
            ,"process":"Seat and secure PSU socket."
            ,"step":"step_10"
            ,"review":""
        },
        {
            "id":11
            ,"title":"Circuit power supply"
            ,"process":"Map power supply to circuit board and peripherals."
            ,"step":"step_11"
            ,"review":""
        },
        {
            "id":12
            ,"title":"Complete installation"
            ,"process":"Power PC and check if PSU toggle switch is on."
            ,"step":"step_12"
            ,"review":""
        }
    ]
}